PubID,Author,Journal,References
P001,Biff,American Journal of Spacecraft Music,P002
P002,Bob,American Journal of Spacecraft Music,P001
P003,Baz,Southwestern Cooking for Dummies,P003
P004,Bippity,Proceedings of the Society for Cooking Stuff,P004;P005
P005,Boppity,Hot Rods and Nachos Magazine,Food; Automobiles,P003
P006,Boo,Hot Rods and Nachos Magazine,Automobiles,P007;P005
P007,Boo,Hot Rods and Nachos Magazine,Automobiles,P006;P004
P008,Biff;Bob,American Crafts and Holistic Medicine Quarterly,P001
