Author,Institution,Conference,CiteRate,Category,PaperID,Journal,Keyw,NR,Year,Abstract,TC,Title
"Tan, BH; Cheah, FK; Chew, S; Ahmed, Q","Tan, BH, Singapore Gen Hosp, Infect Dis Unit, Dept Internal Med, Outram; Rd, Singapore 169608, Singapore.;Singapore Gen Hosp, Infect Dis Unit, Dept Internal Med, Singapore 169608, Singapore.; Singapore Gen Hosp, Dept Diagnost Radiol, Singapore 169608, Sin","1999, EPIDEMIOL NEWS B, V25, P57; AGUADO JM, 1997, TRANSPLANTATION, V63, P1278; ANAISSIE E, 1988, MEDICINE, V67, P77; ARDUINO RC, 1993, CLIN INFECT DIS, V16, P505; BADLEY AD, 1996, J INFECT DIS, V173, P446; BAKER RD, 1976, AM J CLIN PATHOL, V65, P83; BALI",0,renal transplantation; pulmonary nodules; histoplasmosis; tuberculosis,1,Transpl. Infect. Dis.,TUMOR-NECROSIS-FACTOR; DISSEMINATED HISTOPLASMOSIS; ALLOGRAFT; RECIPIENTS; NOCARDIAL INFECTIONS; RISK-FACTORS; MYCOBACTERIAL; INFECTION; CLINICAL PRESENTATION; UNITED-STATES; TUBERCULOSIS; LIVER,57,2005,,0,A renal transplant recipient with pulmonary nodules
"Hegde, VG; Kekre, S; Rajiv, S; Tadikamalla, PR","Hegde, VG, Calif State Univ Hayward, Coll Business & Econ, Hayward, CA; 94542 USA.;Calif State Univ Hayward, Coll Business & Econ, Hayward, CA 94542 USA.; Carnegie Mellon Univ, Tepper Sch Business, Pittsburgh, PA 15213 USA.; Natl Univ Singapore, NUS Busin","BRODLEY RF, 1993, PRODUCTION OPERATION, V2, P94; CHAKRAVARTY AK, 1993, PRODUCTION OPERATION, V2, P72; CHAKRAVARTY AK, 2002, PROD OPER MANAG, V11, P289; CLARK KB, 1996, PRODUCTION OPERATION, V5, P42; COX DR, 1984, ANAL SURVIVAL DATA; DURAY R, 2000, J OPER",0,customization; design-to-order; product performance; product; conformance; competing risk hazard function model,10,Prod. Oper. Manag.,MASS CUSTOMIZATION; DESIGN; DIFFERENTIATION; QUALITY; VARIETY; LINES,34,2005,Manufacturing capability has often been viewed to be a major obstacle in achieving higher levels of customization. Companies follow various strategies ranging from equipment selection to order process management to cope with the challenges of increased cu,0,Customization: Impact on product and process performance
"Aparicio, S; Chapman, J; Stupka, E; Putnam, N; Chia, J; Dehal, P; Christoffels, A; Rash, S; Hoon, S; Smit, A; Gelpke, MDS; Roach, J; Oh, T; Ho, IY; Wong, M; Detter, C; Verhoef, F; Predki, P; Tay, A; Lucas, S; Richardson, P; Smith, SF; Clark, MS; Edwards,","Aparicio, S, Univ Cambridge, Dept Oncol, Hutchison MRC Res Ctr,; Cambridge CB2 2XZ, England.;Univ Cambridge, Dept Oncol, Hutchison MRC Res Ctr, Cambridge CB2 2XZ, England.; Inst Mol & Cell Biol, Singapore 117609, Singapore.; US DOE, Joint Genome Inst, Wal",,126.3792776,,100,Science,RNA-BINDING PROTEIN; PUFFERFISH TETRAODON NIGROVIRIDIS; JAPANESE; PUFFERFISH; VERTEBRATE GENOME; SEQUENCE-ANALYSIS; IMMUNOGLOBULIN; SUPERFAMILY; DROSOPHILA-MELANOGASTER; CAENORHABDITIS-ELEGANS;; REGULATORY ELEMENTS; GENE SUPERFAMILY,97,2002,"The compact genome of Fugu rubripes has been sequenced to over 95% coverage, and more than 80% of the assembly is in multigene-sized scaffolds. In this 365-megabase vertebrate genome, repetitive DNA accounts for less than one-sixth of the sequence, and ge",455,Whole-genome shotgun assembly and analysis of the genome of Fugu rubripes
"Tang, W; Muderawan, IW; Ng, SC; Chan, HSO","Ng, SC, Nanyang Technol Univ, Coll Engn, Div Chem & Biomol Engn, 50; Nanyang Ave, Singapore 639798, Singapore.;Nanyang Technol Univ, Coll Engn, Div Chem & Biomol Engn, Singapore 639798, Singapore.; Natl Univ Singapore, Dept Chem, Singapore 117543, Singapo","ARTA S, 2003, CHIRALITY, V15, P609; BROWN SE, 1993, AUST J CHEM, V46, P953; BYUN HS, 1999, ORG SYNTH, V77, P225; DEBOER T, 2000, ELECTROPHORESIS, V21, P3220; DRAYER DE, 1986, CLIN PHARMACOL THER, V40, P125; IKEDA T, 1987, J INCLUSION PHENOM, V5, P93; KUHN",0,enantioseparation; single-isomer; positively charged beta-CD; capillary; electrophoresis; mono-6-ammonium-6-deoxy-beta-cyclodextrin chloride,1000,J. Chromatogr. A,BETA-CYCLODEXTRIN; SEPARATIONS; CHROMATOGRAPHY,22,2005,"A facile synthetic approach for mono-6-amino-6-deoxy-beta-cyclodextrin (beta-CD-NH2) was proposed. Its hydroxy chloride salt, mono-6-ammonium-6-deoxy-beta-cyclodextrin chloride (beta-CD-NH3Cl) was further prepared and used for the enantioseparation of var",0,Synthesis and application of mono-6-ammonium-6-deoxy-beta-cyclodextrin chloride as chiral selector for capillary electrophoresis
"Ong, YS; Keane, AJ","Ong, YS, Nanyang Technol Univ, Sch Comp Engn, Div Informat Syst,; Singapore 639798, Singapore.;Nanyang Technol Univ, Sch Comp Engn, Div Informat Syst, Singapore 639798, Singapore.; Univ Southampton, Sch Engn Sci, Comp Engn & Design Ctr, Southampton SO17 1",,2.046218487,adaptive Meta-Lamarckian learning; continuous parametric design; optimization; hybrid genetic algorithm-local search (GA-LS); memetic; algorithm (MA),10000,IEEE Trans. Evol. Comput.,OPTIMIZATION; DESIGN,37,2004,"Over the last decade, memetic algorithms (MAs) have relied on the use of a variety of different methods as the local improvement procedure. Some recent studies on the choice of local search method employed have shown that this choice significantly affects",4,Meta-Lamarckian learning in memetic algorithms
"Li, G; Zhao, ZX","Li, G, Nanyang Technol Univ, Sch Elect & Elect Engn, Singapore 639798,; Singapore.;Nanyang Technol Univ, Sch Elect & Elect Engn, Singapore 639798, Singapore.",,0.511554622,direct-form II transposed (DFTIIt) structure; polynomial operators;; realizations; roundoff noise; sensitivity measure,10001,IEEE Trans. Circuits Syst. I-Regul. Pap.,DELTA-OPERATOR REALIZATIONS; ROUNDOFF NOISE MINIMIZATION; SENSITIVITY;; SYSTEMS,25,2004,"It is well known that for a digital filter of order p, the number of nontrivial parameters in the classical optimal state-space realizations is proportional to p(2), while the traditional shift operator z-based direct-form II transposed (zDFIIt) structure",1,On the generalized DFIIt structure and its state-space realization in digital filter implementation
"Xu, JX","Xu, JX, Natl Univ Singapore, Dept Elect & Comp Engn, Singapore 119260,; Singapore.;Natl Univ Singapore, Dept Elect & Comp Engn, Singapore 119260, Singapore.",,0,adaptive control; nonlinear dynamics; periodic adaptation; time-varying; parametric uncertainty,10002,IEEE Trans. Autom. Control,SYSTEMS,11,2004,"A new adaptive control approach is proposed to deal with nonlinear systems with a class of time-varying parametric uncertainties, which are in an unknown compact set, periodic, nonvanishing, rapid time-varying, and the only prior knowledge is the periodic",0,A new periodic adaptive control approach for time-varying parameters with known periodicity
"Li, EP; Liu, EX; Li, LW; Leong, MS","Li, EP, Natl Univ Singapore, Inst High Performance Comp, Div Computat; Elect & Electromagnet, Singapore 117528, Singapore.;Natl Univ Singapore, Inst High Performance Comp, Div Computat Elect & Electromagnet, Singapore 117528, Singapore.; Natl Univ Singapo",,0.94379845,FDTD method; high-speed interconnects; macro-modeling; rational; function approximation; signal integrity; S parameter,10003,IEEE Trans. Adv. Packag.,RATIONAL APPROXIMATION; TRANSIENT SIMULATION; TRANSMISSION-LINES;; LUMPED ELEMENTS; MICROSTRIP; ALGORITHM; PLANAR,32,2004,"This paper presents an accurate and systematic approach for analysis of the signal integrity of the high-speed interconnects, which couples the full-wave finite difference time domain (FDTD) method with scattering (S) parameter based macromodeling by usin",2,A coupled efficient and systematic full-wave time-domain macromodeling and circuit simulation method for signal integrity analysis of high-speed interconnects
"New, TH; Lim, TT; Luo, SC","Lim, TT, Natl Univ Singapore, Dept Mech Engn, 10 Kent Ridge Crescent,; Singapore 119260, Singapore.;Natl Univ Singapore, Dept Mech Engn, Singapore 119260, Singapore.; Natl Univ Singapore, Temasek Labs, Singapore 119260, Singapore.",,0,,10004,Exp. Fluids,TRANSVERSE JET; TURBULENT JET; DYNAMICS; VELOCITY; WAKE,28,2004,The digital particle image velocimetry (DPIV) technique has been used to investigate the flow fields of an elliptic jet in cross flow (EJICF). Two different jet orientations are considered; one with the major axis of the ellipse aligned with the cross flo,0,A flow field study of an elliptic jet in cross flow using DPIV technique
"Chong, YS; Chua, S; Shen, L; Arulkumaran, S","Arulkumaran, S, St George Hosp, Sch Med, Dept Obstet & Gynaecol,; Cranmer Terrace, London SW17 0RE, England.;St George Hosp, Sch Med, Dept Obstet & Gynaecol, London SW17 0RE, England.; Natl Univ Singapore, Dept Obstet & Gynaecol, Singapore 0511, Singapore",,0.511554622,misoprostol; route of administration; uterotonic; side effects;; postpartum haemorrhage,10005,Eur. J. Obstet. Gynecol. Reprod. Biol.,RANDOMIZED CONTROLLED-TRIAL; PLACEBO-CONTROLLED TRIAL; RECTALLY; ADMINISTERED MISOPROSTOL; 3RD STAGE; ORAL MISOPROSTOL; POSTPARTUM; HEMORRHAGE; SUBLINGUAL MISOPROSTOL; LABOR; SYNTOMETRINE; MANAGEMENT,40,2004,"Objective: To compare the postpartum uterotonic effect and side effects of misoprostol administered by different routes. Study design: Fifty women were given misoprostol 400 mug either by the oral solution, oral tablet, rectal or vaginal route, or intramu",1,Does the route of administration of misoprostol make a difference? The uterotonic effect and side effects of misoprostol given by different routes after vaginal delivery
"Wang, P; Ser, W","Wang, P, Nanyang Technol Univ, Sch Elect & Elect Engn, Ctr Signal Proc,; Singapore 639798, Singapore.;Nanyang Technol Univ, Sch Elect & Elect Engn, Ctr Signal Proc, Singapore 639798, Singapore.",,0,error rate estimation; pseudoerror monitor; density function; approximation,10006,EURASIP J Appl. Signal Process.,ERROR RATE; CHANNELS; SYSTEM; NOISE,18,2004,"The error rate (ER) is a crucial criterion in evaluating the performance of a digital communication system. Many ER estimation methods have been described in the literature. Among them, the pseudoerror monitoring solution has attracted special attention d",0,A novel pseudoerror monitor
"Yap, AUJ; Mah, MKS; Lye, CPW; Loh, PL","Yap, AUJ, Natl Univ Singapore, Fac Dent, Dept Restorat Dent, 5 Lower; Kent Ridge Rd, Singapore 119074, Singapore.;Natl Univ Singapore, Fac Dent, Dept Restorat Dent, Singapore 119074, Singapore.; Natl Univ Singapore, Fac Dent, Singapore 0511, Singapore.",,0,provisional material; hardness; dietary solvents; solubility; parameter; environmental index,10007,Dent. Mater.,COMPOSITES; RESIN; CEMENT; FILLER,21,2004,"Objective. To evaluate the influence of dietary simulating solvents on surface hardness of chemical, light and dual-cure provisional restorative materials. Methods. The provisional materials evaluated were Temporary Bridge Resin (TBR) (Dentsply), Protemp",0,Influence of dietary simulating solvents on the hardness of provisional restorative materials
"Yap, AUJ; Tan, ACS; Quan, C","Yap, AUJ, Natl Univ Singapore, Fac Dent, Dept Restorat Dent, 5 Lower; Kent Ridge Rd, Singapore 119074, Singapore.;Natl Univ Singapore, Fac Dent, Dept Restorat Dent, Singapore 119074, Singapore.; Natl Univ Singapore, Fac Engn, Ctr Biomed Mat Applicat & Tec",,0,dental material; composite resin; modulus; interferometry; flexural;; electronic speckle pattern interferometry,10008,Dent. Mater.,COMPOSITES,11,2004,"Objectives. The aim of this study was to develop a non-destructive test for characterizing the modulus of resin-based fitting materials. Methods. Five different visible-light-cured composites (Filtek A110 [AO], Z100 (ZO], Filtek Z250 [ZT], F2000 [FT] and",0,Non-destructive characterization of resin-based filling materials using electronic speckle pattern interferometry
"Chong, YS; Su, LL; Arulkumaran, S","Arulkumaran, S, St George Hosp, Sch Med, Dept Obstet & Gynaecol,; Cranmer Terrace, London SW17 0RE, England.;St George Hosp, Sch Med, Dept Obstet & Gynaecol, London SW17 0RE, England.; Natl Univ Singapore, Dept Obstet & Gynaecol, Singapore 0511, Singapore",,1.023109244,active management; expectant management; oxytocics; misoprostol;; carbetocin,10009,Curr. Opin. Obstet. Gynecol.,RANDOMIZED CONTROLLED TRIAL; 3RD STAGE; ACTIVE MANAGEMENT;; DOUBLE-BLIND; UMBILICAL VEIN; INTRAMUSCULAR SYNTOMETRINE; SUBLINGUAL; MISOPROSTOL; INTRAVENOUS OXYTOCIN; MATERNAL MORTALITY; BLOOD-LOSS,79,2004,"Purpose of review Despite evidence that active management of the third stage of labour reduces the incidence of postpartum haemorrhage, expectant management is still widely practised. Factors accounting for this situation include the desire for a more nat",2,Current strategies for the prevention of postpartum haemorrhage in the third stage of labour
"Wong, YS; Kim, W; Ying, N","Kim, W, Nanyang Technol Univ, Sch Mech & Prod Engn, 50 Nanyang Ave,; Singapore 639798, Singapore.;Nanyang Technol Univ, Sch Mech & Prod Engn, Singapore 639798, Singapore.; Alexandra Hosp, Dept Orthopaed Surg, Singapore, Singapore.","BUCZEK FL, 1990, MED SCI SPORT EXER, V22, P669; CHAO EYS, 1980, J BIOMECH, V13, P989; ENGSBERG JR, 1987, J BIOMECH, V20, P429; GROOD ES, 1983, J BIOMECH ENG-T ASME, V105, P136; HICKS JH, 1953, J ANAT             1, V87, P345; INMAN VT, 1976, JOINTS ANKLE;",0,ankle joint complex; kinematics; dual Euler angles; flock of birds,1001,J. Biomech.,HUMAN ANKLE; KINEMATICS; COMPLEX; SYSTEM; KNEE,21,2005,The objective of this study is to validate previous descriptions of hindfoot kinematics using dual Euler angle methods in a passive cadaveric model. The dual Euler angle method was chosen so as to facilitate description of the translational and rotational,0,Passive motion characteristics of the talocrural and the subtalar joint by dual Euler angles
"Morrell, JL; Tomlin, GC; Rajagopalan, S; Venkatram, S; Feoktistova, AS; Tasto, JJ; Mehta, S; Jennings, JL; Link, A; Balasubramanian, MK; Gould, KL","Gould, KL, Vanderbilt Univ, Sch Med, Howard Hughes Med Inst, 221; Kirkland Hall, Nashville, TN 37232 USA.;Vanderbilt Univ, Sch Med, Howard Hughes Med Inst, Nashville, TN 37232 USA.; Vanderbilt Univ, Sch Med, Dept Cell & Dev Biol, Nashville, TN 37232 USA.;",,4.546680498,,10010,Curr. Biol.,SPINDLE POLE BODY; ANAPHASE-PROMOTING COMPLEX; FISSION YEAST;; SCHIZOSACCHAROMYCES-POMBE; SEPTUM FORMATION; PROTEIN-KINASE; MITOTIC; EXIT; CELL-DIVISION; BUDDING YEAST; CYTOKINESIS,27,2004,"The Schizosaccharomyces pombe septation initiation network (SIN) triggers actomyosin ring constriction, septation, and cell division. It is organized at the spindle pole body (SPB) by the scaffold proteins Sid4p and Cdc11p. Here, we dissect the contributi",9,Sid4p-Cdc11p assembles the septation initiation network and its regulators at the S-pombe SPB
"Bartfai, R; Balduf, C; Hilton, T; Rathmann, Y; Hadzhiev, Y; Tora, L; Orban, L; Muller, F","Tora, L, ULP, INSERM, CNRS, Inst Genet & Biol Mol & Cellulaire,; BP143,Illkirch, F-67404 Strasbourg, France.;ULP, INSERM, CNRS, Inst Genet & Biol Mol & Cellulaire, F-67404 Strasbourg, France.; Natl Univ Singapore, Temasek Lifesci Lab, Singapore 117604, Si",,2.020746888,,10011,Curr. Biol.,RNA-POLYMERASE-II; TATA-BINDING PROTEIN; FACTOR-2 TRF2; C-ELEGANS;; TRANSCRIPTION; GENE; EXPRESSION; DROSOPHILA; POLARITY; LACKING,25,2004,"TATA binding protein (TBP) [1, 2] is a key regulator of RNA polymerase transcription. It binds to core promoters, often in large multiprotein complexes, and nucleates RNA polymerase II (Pol II) transcription initiation. In addition to the previously descr",4,"TBP2, a vertebrate-specific member of the TBP family, is required in embryonic development of zebrafish"
"Suthasun, T; Mareels, I; Al-Mamun, A","Al-Mamun, A, Natl Univ Singapore, Dept Elect & Comp Engn, 4 Engn Dr 3,; Singapore 117576, Singapore.;Natl Univ Singapore, Dept Elect & Comp Engn, Singapore 117576, Singapore.; Univ Melbourne, Dept Elect & Elect Engn, Melbourne, Vic 3010, Australia.",,0.559341501,hard disk drive; servomechanism; dual stage actuator; VCM actuator;; piezo-electric micro-actuator,10012,Control Eng. Practice,STAGE ACTUATOR; MICROACTUATOR; PERFORMANCE,21,2004,This paper describes classical system identification and control design techniques for the dual actuated servomechanism of a hard disk drive. The dual actuated servomechanism consists of a electromechanical coarse actuator and a piezo-electric micro-actua,1,System identification and controller design for dual actuated hard disk drive
"Wu, CQ; Hao, H; Lu, Y; Sun, SQ","Wu, CQ, Univ Western Australia, Sch Civil & Resource Engn, 35 Stirling; Highway, Crawley, WA 6009, Australia.;Univ Western Australia, Sch Civil & Resource Engn, Crawley, WA 6009, Australia.; Nanyang Technol Univ, Protect Technol Res Ctr, Sch CEE, Singapor",,0,underground explosions; ground excitations; sand base; RC structure;; dynamic responses; damage,10013,Comput. Struct.,DAMAGE; AMPLIFICATION; MOTIONS; MODEL; SITE; ROCK,28,2004,"Intense underground explosions may cause severe damage to nearby residential, industrial and public structures. The available empirical allowable ground vibration levels to prevent damage to surface structures are usually given in terms of peak velocities",0,Numerical simulation of structural responses on a sand layer to blast induced ground excitations
"Chen, WX; Zhao, J; Lee, JY; Liu, ZL","Chen, WX, Zhejiang Univ, Dept Chem, Hangzhou 310027, Peoples R China.;Zhejiang Univ, Dept Chem, Hangzhou 310027, Peoples R China.; Natl Univ Singapore, Singapore MIT Alliance, Singapore 117576, Singapore.; Natl Univ Singapore, Dept Environm Chem & Engn, S",,0.50448895,,10014,Chem. Lett.,PLATINUM,12,2004,"Carbon-supported platinum and ruthenium nanoparticles were synthesized by a microwave-assisted polyol heating process. TEM observations showed that the Pt and Ru particles prepared as such have uniform shapes and sizes, and well dispersed on the carbon su",1,Microwave polyol synthesis and characterizations of carbon-supported Pt and Ru nanoparticles
"Xie, XN; Chung, HJ; Sow, CH; Wee, ATS","Xie, XN, Natl Univ Singapore, NUS Nanosci & Nanotechnol Initiat, 2 Sci; Dr 3, Singapore 117542, Singapore.;Natl Univ Singapore, NUS Nanosci & Nanotechnol Initiat, Singapore 117542, Singapore.; Natl Univ Singapore, Dept Phys, Singapore 117542, Singapore.",,3.095338983,,10015,Chem. Phys. Lett.,ATOMIC-FORCE MICROSCOPE; DIP-PEN NANOLITHOGRAPHY; PALMITIC ACID;; MONOLAYERS; SILICON; NANOFABRICATION; NANOOXIDATION; LITHOGRAPHY;; MECHANISM; OXIDATION,21,2004,The kinetics and mechanism of probe-induced oxide growth on an octadecyltrichlorosilane (OTS) self-assembled monolayer (SAM) passivated native-SiO2/Si surface have been investigated using atomic force microscopy (AFM). It was found that oxidation strongly,6,Oxide growth and its dielectrical properties on alkylsilated native-SiO2/Si surface
"Gu, HR; Su, XD; Loh, KP","Su, XD, Ins Mat Res & Engn, 3 Res Link, Singapore 117602, Singapore.;Ins Mat Res & Engn, Singapore 117602, Singapore.; Natl Univ Singapore, Dept Chem, Singapore 119260, Singapore.",,1.031779661,,10016,Chem. Phys. Lett.,NUCLEIC-ACIDS; FILMS; ELECTRODES; SURFACE; IMMOBILIZATION; POLYANILINE,23,2004,"In this paper, we study the immobilization of DNA on boron-doped diamond (BDD) thin films for DNA hybridization analysis. Taking advantage of the conducting nature of the BDD film, a thin layer of polyaniline/poly (acrylic acid) (PANI/PAA) composite polym",2,Conductive polymer-modified boron-doped diamond for DNA hybridization analysis
"Ling, FYY","Ling, FYY, Natl Univ Singapore, Dept Bldg, 4 Architecture Dr, Singapore; 117566, Singapore.;Natl Univ Singapore, Dept Bldg, Singapore 117566, Singapore.",,0,design-bid-build; performance criteria; performance management; quality; control; selection criteria; success factors; Singapore,10017,Build. Res. Informat.,CRITICAL SUCCESS FACTORS; MODEL,21,2004,What are the factors affecting the performance of design-bid-build projects? Ten performance metrics and 60 factors are identified that project team members can use to measure and manage the success levels of construction projects in four broad categories,0,Key determinants of performance of design-bid-build projects in Singapore
"Xue, H; Chou, SK; Zhong, XQ","Xue, H, Calif State Polytech Univ Pomona, Dept Mech Engn, 3801 W Temple; Ave, Pomona, CA 91768 USA.;Calif State Polytech Univ Pomona, Dept Mech Engn, Pomona, CA 91768 USA.; Natl Univ Singapore, Dept Mech Engn, Singapore 119260, Singapore.",,0,scale model; similitude rule; thermal environment; temperature rise;; condenser,10018,Build. Environ.,,6,2004,"Thermal environment near condensing units of air-conditioning systems in a confined space of high-rise building is investigated using a scale model, which is based on the Archimedes number in the similarity rule. In the scale model experiments, the effect",0,Thermal environment in a confined space of high-rise building with split air conditioning system
"Ekanayake, LL; Ofori, G","Ofori, G, Natl Univ Singapore, Dept Bldg, Sch Design & Environm, 4; Architecture Dr, Singapore 117566, Singapore.;Natl Univ Singapore, Dept Bldg, Sch Design & Environm, Singapore 117566, Singapore.",,1.172552167,materials waste; influencing factors; minimisation; design; estimating; system,10019,Build. Environ.,CONSTRUCTION,46,2004,Construction waste minimisation is a topical issue in many countries. The literature shows that the design has a major influence on waste. This study was undertaken to identify major sources of site waste generation in Singapore and to develop a model to,2,Building waste assessment score: design-based tool
"Zhang, CW; Xie, M; Goh, TN","Zhang, CW, Natl Univ Singapore, Dept Ind & Syst Engn, Singapore 0511,; Singapore.;Natl Univ Singapore, Dept Ind & Syst Engn, Singapore 0511, Singapore.","BORROR CM, 2003, INT J PROD RES, V41, P3435; CHAN LY, 2000, INT J PROD RES, V38, P397; CHOU CY, 2000, J APPL STAT, V27, P939; CHOU CY, 2001, INT J PROD RES, V39, P1931; CHOU CY, 2002, INT J ADV MANUF TECH, V20, P916; COSTA AFB, 2002, J APP STAT, V28, P875",0,control chart; economic design; exponential distribution; homogeneous; Poisson process; time between events,1002,Int. J. Prod. Res.,MULTIVARIATE CONTROL CHARTS; STATISTICAL DESIGN; R-CHARTS; CUMULATIVE; COUNT; QUALITY LOSS; XBAR-CHARTS; (X)OVER-BAR-CHARTS; MODEL,25,2005,"The occurrence of defects or non-conformities in manufacturing processes can usually be modeled by a homogeneous Poisson process. However, the process parameter may change over time and it can be monitored with statistical process control techniques. Cont",0,Economic design of exponential charts for time between events monitoring
"Khanna, S; Chang, LS; Jiang, FL; Koh, HC","Khanna, S, Natl Univ Singapore, Dept Physiol MD9, 2 Med Dr, Singapore; 117597, Singapore.;Natl Univ Singapore, Dept Physiol MD9, Singapore 117597, Singapore.",,2.029166667,Fos; formalin model; spinal cords; hippocampus; pyramidal cell layer;; noxious intensity-dependent,10020,Brain Res.,C-FOS; SPINAL-CORD; NOXIOUS-STIMULATION; MESSENGER-RNA; DENTATE GYRUS;; FORMALIN TEST; TOOTH-PULP; PAIN; EXPRESSION; ORGANIZATION,36,2004,"To test the hypothesis that the hippocampus field CA1 is recruited in nociceptive intensity-dependent fashion in the formalin model of inflammatory pain, we determined the effect of injection of formalin (0.625-2.5%) on the induction of Fos protein along",4,Nociception-driven decreased induction of Fos protein in ventral hippocampus field CA1 of the rat
"Lu, J; Carpenter, K; Li, RJ; Wang, XJ; Ching, CB","Lu, J, Inst Chem & Engn Sci, Ayer Rajah Crescent 28,02-08, Singapore; 139959, Singapore.;Inst Chem & Engn Sci, Singapore 139959, Singapore.; Natl Univ Singapore, Chem & Proc Engn Ctr, Singapore 117576, Singapore.",,0.501717033,biocrystallization; microcalorimetry; cloud-point temperature;; liquid-liquid phase separation,10021,Biophys. Chem.,PROTEIN INTERACTIONS; CRYSTAL NUCLEATION; CRYSTALLIZATION; BEHAVIOR;; GLYCEROL; DENSITY; SOLUBILITY; GROWTH; PH,32,2004,"The detailed understanding of the structure of biological macromolecules reveals their functions, and is thus important in the design of new medicines and for engineering molecules with improved properties for industrial applications. Although techniques",1,Cloud-point temperature and liquid-liquid phase separation of supersaturated lysozyme solution
"Khor, KA; Gu, YW; Pan, D; Cheang, P","Khor, KA, Nanyang Technol Univ, Sch Mech & Prod Engn, Nanyang Ave,; Singapore 639798, Singapore.;Nanyang Technol Univ, Sch Mech & Prod Engn, Singapore 639798, Singapore.; Singapore Inst Mfg Technol, Singapore 638075, Singapore.; Nanyang Technol Univ, Sch",,2.467905405,plasma spraying; hydroxyapatite; yttrja stabilized zirconia; Ti alloy;; mechanical property; composite coating,10022,Biomaterials,HYDROXYAPATITE COMPOSITE; TITANIUM IMPLANTS; PHASE; ZIRCONIA; STRENGTH;; BONE,22,2004,"Plasma sprayed hydroxyapatite (HA) coatings on titanium alloy substrate have been used extensively due to their excellent biocompatibility and osteoconductivity. However, the erratic bond strength between HA and Ti alloy has raised concern over the long-t",4,Microstructure and mechanical properties of plasma sprayed HA/YSZ/Ti-6Al-4V composite coatings
"Gu, YW; Yap, AUJ; Cheang, P; Kumar, R","Gu, YW, Nanyang Technol Univ, Sch Mat Engn, Nanyang Ave, Singapore; 639798, Singapore.;Nanyang Technol Univ, Sch Mat Engn, Singapore 639798, Singapore.; Singapore Inst Mfg Technol, Singapore 638075, Singapore.; Natl Univ Singapore, Fac Dent, Dept Restorat",,1.850929054,glass ionomer cements; spheroidization; RF plasma spraying; flame; spraying; mechanical property,10023,Biomaterials,DENTISTRY,21,2004,Commercial angular glass powders were spheroidized using both the flame spraying and inductively coupled radio frequency plasma spraying techniques. Spherical powders with different particle size distributions were obtained after spheroidization. The effe,3,Spheroidization of glass powders for glass ionomer cements
"Gu, YW; Khor, KA; Cheang, P","Khor, KA, Nanyang Technol Univ, Sch Mech & Prod Engn, 50 Nanyang Ave,; Singapore 639798, Singapore.;Nanyang Technol Univ, Sch Mech & Prod Engn, Singapore 639798, Singapore.; Nanyang Technol Univ, Sch Mat Engn, Singapore 639798, Singapore.",,3.701858108,hydroxyapatite; spark plasma sintering; simulated body fluid; calcium; phosphate; dissolution; precipitation,10024,Biomaterials,SIMULATED BODY-FLUID; IN-VITRO; BIOACTIVE GLASS; COMPOSITE; COATINGS;; SURFACE; MICROSTRUCTURE; REFINEMENT; MECHANISM; CERAMICS,30,2004,Hydroxyapatite (HA) compacts with high density and superior mechanical properties were fabricated by spark plasma sintering (SPS) using spray-dried HA powders as feedstock. The formation of bone-like apatite layer on SPS consolidated HA compacts were inve,6,Bone-like apatite layer formation on hydroxyapatite prepared by spark plasma sintering (SPS)
"Xu, GL; Tay, FEH; Iliescu, C; Samper, V","Xu, GL, Inst Bioengn & Nanotechnol, 31 Biopolis Way,The Nanos 04-01,; Singapore 138669, Singapore.;Inst Bioengn & Nanotechnol, Singapore 138669, Singapore.; Natl Univ Singapore, Singapore 119260, Singapore.",,0,telemetry; wireless; microcontroller,10025,Int. J. Softw. Eng. Knowl. Eng.,TELEMETRY,10,2005,"This paper presents the development of a three-channel telemetry system using Microchip rfPIC 12F675 as transmitter and using rfRXD0420 as receiver. The highly integrated radio frequency IC chip features the system which is simple in structure, compact in",0,Multi-channel biotelemetry system using microcontroller with UHF transmit function
"Chan, V; Liu, KK; Le Visage, C; Ju, BF; Leong, KW","Chan, V, Nanyang Technol Univ, Sch Mech & Prod Engn, 50 Nanyang Ave,; Singapore 639798, Singapore.;Nanyang Technol Univ, Sch Mech & Prod Engn, Singapore 639798, Singapore.; Keele Univ, Sch Med, Inst Sci & Technol Med, Stoke On Trent ST4 7QB, Staffs, Engla",,0.616976351,polymeric microparticle; C-RICM; adhesion,10026,Biomaterials,CONTACT; MICROSPHERES; DEFORMATION; ENERGY,19,2004,"The efficacy of a drug delivery system is predicated on its retention in the target tissue. Microparticle is one of the most popular and effective drug delivery configurations. Recently, it has been shown that the interaction between drug-loaded micropart",1,Bioadhesive characterization of poly(methylidene malonate 2.12) microparticle on model extracellular matrix
"Teo, TSH; Tan, M; Peck, SN","Teo, TSH, Natl Univ Singapore, Sch Business, Dept Decis Sci, 1 Business; Link, Singapore 117592, Singapore.;Natl Univ Singapore, Sch Business, Dept Decis Sci, Singapore 117592, Singapore.",,0,,10027,Behav. Inf. Technol.,BANKING; ADOPTION; DETERMINANTS; ATTITUDES; FRAMEWORK; ECONOMICS;; INDUSTRY; BUSINESS; COMMERCE; TRUST,35,2004,This study examines the attitudes of adopters and non-adopters toward Internet stock trading in Singapore. Data were collected using a web-based questionnaire survey. Usable responses totaled 208 for adopters and 222 for non-adopters. This study examines,0,Adopters and non-adopters of internet stock trading in Singapore
"Wang, XS; Tan, TN; Shek, LPC; Chng, SY; Hia, CPP; Ong, NBH; Ma, S; Lee, BW; Goh, DYT","Goh, DYT, Natl Univ Singapore, Natl Univ Hosp, Dept Paediat, 5 Lower; Kent Ridge Rd, Singapore 119074, Singapore.;Natl Univ Singapore Hosp, Childrens Med Inst, Singapore 0511, Singapore.; Natl Univ Singapore, Dept Paediat, Singapore 0511, Singapore.; Mini",,5.232808023,,10028,Arch. Dis. Child.,CHANGING PREVALENCE; CHILDHOOD ASTHMA; SCHOOL-CHILDREN; INCREASING; PREVALENCE; TRENDS; SYMPTOMS; GERMANY; ATOPY; SCHOOLCHILDREN; DISEASES,26,2004,"Background and Aims: Over the past few decades, the prevalence of asthma has been increasing in the industrialised world. Despite the suggestion of a similar increase in Singapore, the 12 month prevalence of wheeze among schoolchildren in 1994 was 2.5-fol",10,The prevalence of asthma and allergies in Singapore; data from two ISAAC surveys seven years apart
"Xie, DZ; Ngoi, BKA; Zhou, W; Fu, YQ","Xie, DZ, Nanyang Technol Univ, Sch Mech & Prod Engn, Precis Engn &; Nanotechnol Ctr, Nanyang Ave, Singapore 639798, Singapore.;Nanyang Technol Univ, Sch Mech & Prod Engn, Precis Engn & Nanotechnol Ctr, Singapore 639798, Singapore.",,0,focused ion beams; sputtering; micromachining; surface diffusion,10029,Appl. Surf. Sci.,SI(001); DEVICES; SI,21,2004,"The development, during annealing, of periodic one-dimensional ripple structure has been investigated. The nanoscale ripple array was fabricated on silicon(001) crystal surface using focused ion beam (FIB). Annealing was performed isothermally in a flowin",0,Fabrication and thermal annealing behavior of nanoscale ripple fabricated by focused ion beam
"Mervyn, F; Kumar, AS; Nee, AYC","Nee, AYC, Natl Univ Singapore, Dept Mech Engn, Singapore 119260,; Singapore.;Natl Univ Singapore, Dept Mech Engn, Singapore 119260, Singapore.","*NAT I STAND TECHN, 2004, JAV MATR PACK; ASADA H, 1985, IEEE J ROBOTIC AUTOM, V1, P86; BROST RC, 1996, IEEE T ROBOTIC AUTOM, V12, P31; CHOU YC, 1992, J ARTIF INTELL ENG D, V6, P111; FUH JYH, 1993, ROBOT CIM-INT MANUF, V10, P339; HOLLAND JH, 1975, ADAPTATI",0,fixture design; automated design; modular fixtures; evolutionary; algorithm,1003,Int. J. Prod. Res.,SYSTEM; FRAMEWORK; LAYOUT,22,2005,"Fixture design is a complex problem that requires a designer to ensure that a workpiece is located deterministically, totally restrained and sufficiently supported during a manufacturing process. The use of modular fixtures, while presenting an opportunit",0,Automated synthesis of modular fixture designs using an evolutionary search algorithm
"Huang, HL; Goh, SH; Lai, DMY; Huan, CHA","Goh, SH, Natl Univ Singapore, Dept Chem, 3 Sci Dr 3, Singapore 117543,; Singapore.;Natl Univ Singapore, Dept Chem, Singapore 117543, Singapore.; Natl Univ Singapore, Inst Mat Res & Engn, Singapore 117602, Singapore.; Natl Univ Singapore, Dept Phys, Singap",,0,surface enrichment; polymer blends; ToF-SIMS,10030,Appl. Surf. Sci.,SURFACE-PROPERTIES; BLOCK-COPOLYMERS; MISCIBILITY; ENRICHMENT; XPS,26,2004,"The surface properties of some polymers and their blends were investigated by both static and dynamic time-of-flight secondary ion mass spectrometry (ToF-SIMS). For poly(methyl methacrylate) (PMMA) and poly(methyl methacrylate-co-methacrylic acid) (MAA26,",0,"ToF-SIMS studies of poly(methyl methacrylate-co-methacrylic acid), poly (2,2,3,3,3-pentafluoropropyl methacrylate-co-4-vinylpyridine) and their blends"
"Teo, EJ; Breese, MBH; Tavernier, EP; Bettiol, AA; Watt, F; Liu, MH; Blackwood, DJ","Teo, EJ, Natl Univ Singapore, Dept Phys, Ctr Ion Beam Applicat, 2 Sci; Dr 3, Singapore 117542, Singapore.;Natl Univ Singapore, Dept Phys, Ctr Ion Beam Applicat, Singapore 117542, Singapore.; Natl Univ Singapore, Dept Mat Sci, Singapore 117542, Singapore.",,5.658802817,,10031,Appl. Phys. Lett.,N-TYPE SILICON; POROUS SILICON; MICROMACHINING APPLICATIONS;; FABRICATION; MICROSTRUCTURES; NANOLITHOGRAPHY; CRYSTALS,23,2004,We report an alternative technique which utilizes fast-proton irradiation prior to electrochemical etching for three-dimensional microfabrication in bulk p-type silicon. The proton-induced damage increases the resistivity of the irradiated regions and act,11,Three-dimensional microfabrication in bulk silicon using high-energy protons
"Aribarg, A; Zhang, GY; Cao, J; Li, GZ; Anderson, RA; Swerdloff, RS; Wu, FCW; Baker, HWG; Wang, XH; Soufir, JC; Paulsen, CA; Ng, SC; Gottlieb, C; Handelsman, DJ; Conway, AJ; Resch, B; Szollosi, J","Aribarg, A, WHO,WORLD BANK,UNDP,UNFPA,SPECIAL PROGRAMME RES DEV RES; TRAINING HUMAN REPR,CH-1211 GENEVA 27,SWITZERLAND.;NATL RES INST FAMILY PLANNING,BEIJING,PEOPLES R CHINA.; BEIJING UNIV,COLL MED,BEIJING 100871,PEOPLES R CHINA.; FAMILY PLANNING RES INST",,14.86716172,multicenter study; testosterone enanthate; spermatogenic-suppression;; oligozoospermia; azoospermia; contraception,10032,Fertil. Steril.,EXOGENOUS TESTOSTERONE; ENANTHATE,29,1996,"Objective: To determine contraceptive efficacy of hormonally induced sperm suppression to severe oligozoospermia or azoospermia. Design: Prospective, noncomparative contraceptive efficacy study. Setting: Multicenter study in 15 centers in nine countries.",148,Contraceptive efficacy of testosterone-induced azoospermia and oligozoospermia in normal men
"Wei, ZA; Gan, YS; Gao, Q; Loh, KJ; Chua, KC","Wei, ZA, Shanghai Telecommun Co Ltd, Wireless Commun Dept, 8-F,1465; Beijing W Rd, Shanghai 200040, Peoples R China.;Siemens Pte Ptd, ICM Mobile Core R&D, Singapore 118255, Singapore.",,0,networking; UMTS; quality of service; multimedia service; network; architecture; peer to peer networking; hierarchical system; decision; rule,10033,Ann. Telecommun.-Ann Telecommun.,,10,2004,The Universal Mobile Telecommunications System (UMTS) offers IP-based multimedia applications and services with end-to-end Quality of Service (QoS) guarantee. The key component providing these services is the IP Multimedia Subsystem (IMS) that uses Servic,0,Multi-domain architecture for policy management in UMTS IP multimedia subsystem
"Li, JS; Luo, RH; Kowluru, A; Li, GD","Li, GD, Natl Univ Singapore, Inst Med, Cardiovasc Res Inst, Blk MD11; 02-01,10 Med Dr, Singapore 117597, Singapore.;Natl Univ Singapore, Inst Med, Cardiovasc Res Inst, Singapore 117597, Singapore.; Wayne State Univ, Dept Pharmaceut Sci, Detroit, MI 48201",,1.067982456,G protein; translocation; F-actin cytoskeleton,10034,Am. J. Physiol.-Endocrinol. Metab.,GTP-BINDING PROTEINS; PANCREATIC B-CELL; RHO GTPASES; HIT-T15 CELLS;; GROWTH-FACTOR; MAST-CELLS; CA2+-DEPENDENT EXOCYTOSIS; ACTIN; CYTOSKELETON; CHROMAFFIN CELLS; CA2+ INFLUX,63,2004,"Stimulation of insulin secretion by glucose and other secretagogues from pancreatic islet beta-cells is mediated by multiple signaling pathways. Rac1 is a member of Rho family GTPases regulating cytoskeletal organization, and recent evidence also implicat",2,Novel regulation by Rac1 of glucose- and forskolin-induced insulin secretion in INS-1 beta-cells
"Lim, CT; Dao, M; Suresh, S; Sow, CH; Chew, KT","Dao, M, MIT, Dept Mat Sci & Engn, 77 Massachusetts Ave,Rm 8-139,; Cambridge, MA 02139 USA.;MIT, Dept Mat Sci & Engn, Cambridge, MA 02139 USA.; Natl Univ Singapore, Div Bioengn, Singapore 117576, Singapore.; Natl Univ Singapore, Dept Mech Engn, Singapore 1",,1.023109244,optical traps; biological cells; human red blood cell; elastic; behavior; viscoelasticity,10035,Acta Mater.,RED-BLOOD-CELL; ERYTHROCYTE-MEMBRANE; OPTICAL TWEEZERS;; MECHANICAL-PROPERTIES; CYTOSKELETON; SIMULATIONS; ASPIRATION;; ELASTICITY; VISCOSITY; MODULUS,32,2004,"We present experimental results of large deformation of human red blood cells subjected to direct stretching by optical tweezers, The maximum external force imposed on the cell is in excess of 400 pN. A three-dimensional computational simulation of the bi",2,Large deformation of living cells using laser traps
"Liu, B; Yu, WL; Lai, YH; Huang, W","Lai, YH, Natl Univ Singapore, Dept Chem, 10 Kent Ridge Crescent,; Singapore 117543, Singapore.;Natl Univ Singapore, Dept Chem, Singapore 117543, Singapore.; Natl Univ Singapore, IMRE, Singapore 117602, Singapore.",,14.82718696,,10036,Chem. Mat.,CONJUGATED POLYMERS; DIODES; POLYFLUORENE; ELECTROLUMINESCENCE;; COPOLYMERS; EMISSION; DERIVATIVES; EFFICIENCY; POLY(ALKYLFLUORENE);; PHOTOLUMINESCENCE,45,2001,A series of soluble alternating polyfluorene copolymers with different main chain structures and those of the same main chain structure polyfluorene-co-alt-phenylene with different functional groups attached at the 2- and/or 5-positions of the phenylene r,71,Blue-light-emitting fluorene-based polymers with tunable electronic properties
"Li, B; Park, R","Li, B, Nanyang Technol Univ, Sch Civil & Environm Engn, Singapore 2263,; Singapore.;Nanyang Technol Univ, Sch Civil & Environm Engn, Singapore 2263, Singapore.; Univ Canterbury, Canterbury, New Zealand.",,0,column; ductility; high-strength concrete; reinforced concrete;; reinforcement; steel,10037,ACI Struct. J.,BEHAVIOR; MODEL,16,2004,A comprehensive parametric study of reinforced high-strength concrete (HSC) columns is undertaken to verify the current ACI 318 and NZS 3101 code provisions of confining reinforcement in the potential plastic hinge regions of HSC columns. A full range of,0,Confining reinforcement for high-strength concrete columns
"Thng, ILJ; Luo, XY","Thng, ILJ, Natl Univ Singapore, Dept Elect & Comp Engn, 10 Kent Ridge; Crescent, Singapore 119260, Singapore.;Natl Univ Singapore, Dept Elect & Comp Engn, Singapore 119260, Singapore.; Motorola Inc, Global Telecoms Solut Sect, Schaumburg, IL 60196 USA.",,0,connection-level QoS; multi-service handoff support; future wireless; communication systems,10038,Wirel. Netw.,MULTIMEDIA WIRELESS NETWORKS; BANDWIDTH RESERVATION SCHEME,11,2004,This paper presents a technique for ensuring that the probability of handoffs dropped in a multi- service mobile cellular network is kept below specified thresholds. The technique is robust in the sense that it does not require information exchanges among,0,A robust M/M/1/k scheme for providing handoff dropping QoS in multi-service mobile networks
"Liu, J; Wei, T; Kwang, J","Kwang, J, Natl Univ Singapore, Temasek Life Sci Lab, Anim Hlth; Biotechnol, 1 Res Link, Singapore 117604, Singapore.;Natl Univ Singapore, Temasek Life Sci Lab, Anim Hlth Biotechnol, Singapore 117604, Singapore.",,1.523991655,avian encephalomyelitis virus (AEV); 3A protein; membrane association;; necrosis; endoplasmic reticulum; Golgi; chick embryo brain cell; (CEB);; Cos-7,10039,Virology,HEPATITIS-A VIRUS; ENDOPLASMIC-RETICULUM; POLIOVIRUS INFECTION;; REPLICATION COMPLEX; RNA REPLICATION; INHIBITION; EXPRESSION;; APOPTOSIS; CELLS; VPG,39,2004,Avian encephalomyelitis virus (AEV) protein 3A is a membrane-interacting protein containing a stretch of 21 hydrophobic amino acid residues. Membrane-association property was assayed using chick embryo brain (CEB) cells transfected with the fusion GFP-3A,3,Membrane-association properties of avian encephalomyelitis virus protein 3A
"Ng, TH; Ooi, BL; Kooi, PS","Ooi, BL, Natl Univ Singapore, Dept Elect & Comp Engn, 10 Kent Ridge; Crescent, Singapore 119260, Singapore.;Natl Univ Singapore, Dept Elect & Comp Engn, Singapore 119260, Singapore.","BLESZYNSKI E, 1996, RADIO SCI, V31, P1225; COIFMAN R, 1993, IEEE ANTENNAS PROPAG, V35, P7; HARRINGTON RF, 1968, FIELD COMPUTATION MO; LING F, 1998, J ELECTROMAGNET WAVE, V12, P1021; NIE XC, 2002, IEEE APS S, V3, P574; RAO SM, 1982, IEEE T ANTENN PROPAG, V",0,adaptive integral method; combined field integral equation; method of; moment; radar cross section,1004,Int. J. Numer. Model.-Electron. Netw. Device Fields,ELECTROMAGNETIC SCATTERING,11,2005,A new memory efficient testing procedure for method of moment (MoM) has been proposed for solving combined field integral equation (CFIE) using adaptive integral method (AIM) for closed perfect electric conductor (PEC) scatterers. CHE is a linear combinat,0,A memory efficient testing scheme for combined field integral equation for solving scattering problems using adaptive integral method
"Seah, JN; Kwang, J","Kwang, J, Natl Univ Singapore, Temasek Life Sci Lab, 1 Res Link,; Singapore 117604, Singapore.;Natl Univ Singapore, Temasek Life Sci Lab, Singapore 117604, Singapore.",,0.499658003,Actinobacillus pleuropneumoniae; RTX toxin; neutrophil,10040,Vaccine,NEUTROPHILS; SEROTYPE-1; VIRULENCE; CELLS,13,2004,"RTX toxin ApxIII secreted by Actinobacillus pleuropneumoniae affects porcine pulmonary alveolar macrophages and neutrophils. The distribution of ApxIII linear cytotixic and pro-apoptotic determinants was characterized by neutrophil protection assay, DNA f",1,Localization of linear cytotoxic and pro-apoptotic epitopes in RTX toxin ApxIII of Actinobacillus pleuropneumoniae
"Li, H; Khor, KA; Kumar, R; Cheang, P","Khor, KA, Nanyang Technol Univ, Sch Mech & Prod Engn, 50 Nanyang Ave,; Singapore 639798, Singapore.;Nanyang Technol Univ, Sch Mech & Prod Engn, Singapore 639798, Singapore.; Nanyang Technol Univ, Sch Mat Engn, Singapore 639798, Singapore.",,2.066478076,hydroxyapatite; zirconia; nanostructured coatings; ultrafine powders;; Rietveld; plasma synthesis; high velocity oxy-fuel (HVOF),10041,Surf. Coat. Technol.,CALCIUM-PHOSPHATE; MECHANICAL-PROPERTIES; PHASE-TRANSFORMATION;; STABILIZED ZIRCONIA; RESIDUAL-STRESSES; BEHAVIOR; MICROSTRUCTURE;; TITANIUM; POWDERS; CERAMICS,46,2004,Hydroxyapatite (HA)/nano-zirconia composite coatings were successfully produced through high velocity oxy-fuel (HVOF) spraying of radio frequency (RF) plasma synthesized powders. Microstructure characterization and morphology analysis on the nano-structur,4,Characterization of hydroxyapatite/nano-zirconia composite coatings deposited by high velocity oxy-fuel (HVOF) spray process
"Yu, LG; Khor, KA; Li, H; Pay, KC; Yip, TH; Cheang, P","Khor, KA, Nanyang Technol Univ, Sch Mech & Prod Engn, 50 Nanyang Ave,; Singapore 639798, Singapore.;Nanyang Technol Univ, Sch Mech & Prod Engn, Singapore 639798, Singapore.; Nanyang Technol Univ, Sch Mat Engn, Adv Mat Res Ctr, Singapore 639798, Singapore.",,1.033239038,spark plasma sintering; plasma spray; WC; decarburization; Rietveld; refinement,10042,Surf. Coat. Technol.,ABRASIVE WEAR-RESISTANCE; RAPID CONSOLIDATION; ALUMINUM NITRIDE; CERMET; COATINGS; POWDERS; MICROSTRUCTURE; BEHAVIOR; MICROWAVE; CERAMICS,32,2004,"Decarburization of WC-Co is a common phenomenon during atmospheric plasma spray (APS) deposition, resulting in a large amount of W2C and other carbon-deficient phases in the coating. Consequently, the properties and performance of the coating may be inade",2,Restoring WC in plasma sprayed WC-Co coatings through spark plasma sintering (SPS)
"Panich, N; Sun, Y","Sun, Y, Nanyang Technol Univ, Sch Mat Engn, Nanyang Ave, Singapore; 639798, Singapore.;Nanyang Technol Univ, Sch Mat Engn, Singapore 639798, Singapore.",,0.516619519,nanoindentation; finite element analysis; coatings; hardness,10043,Surf. Coat. Technol.,TIP RADIUS; NANOINDENTATION; LOAD; BILAYER; FILMS,19,2004,The nanoindentation process of a soft coating on a harder substrate has been simulated by the finite element method. The frequently used three-face Berkovich indenter was simulated by an axisymmetric conical indenter with the same projected area-depth fun,1,Effect of penetration depth on indentation response of soft coatings on hard substrates: a finite element analysis
"Wu, M; Sun, D; Tay, JH","Sun, D, Nanyang Technol Univ, Sch Civil & Environm Engn, Block; N1,1C-89,Nanyang Ave, Singapore 639798, Singapore.;Nanyang Technol Univ, Sch Civil & Environm Engn, Singapore 639798, Singapore.",,0,semiconductor; wastewater; process-to-process recycling;; ultrafiltration; ion-exchange,10044,Resour. Conserv. Recycl.,INDUSTRY; FABS,25,2004,"The semiconductor integrated circuits (IC) manufacturing processes consume a huge amount of high-purity water (HPW) at different grades of quality. In order to conserve natural resources and reduce production costs, a novel process-to-process water recycl",0,Process-to-process recycling of high-purity water from semiconductor wafer backgrinding wastes
"Ng, PKL; Ilahude, AG; Sivasothi, N; Yeo, DCJ","Ng, PKL, Natl Univ Singapore, Dept Biol Sci, Raffles Museum Biodivers; Res, 10 Kent Ridge Crescent, Singapore 119260, Singapore.;Natl Univ Singapore, Dept Biol Sci, Raffles Museum Biodivers Res, Singapore 119260, Singapore.; Indonesian Inst Sci, Res Ctr O",,0,,10045,Raffles Bull. Zool.,,22,2004,"In March 2002, scientists from the South China Sea region conducted a major biodiversity expedition to the waters off the Anambas and Natuna Islands in Indonesia. The two week expedition obtained over 3000 specimens representing a large diversity of plant",0,"Expedition Anambas: An overview of the scientific marine exploration of the Anambas and Natuna Archipelago, 11-22 march 2002"
"Tan, KS; Kastoro, WW","Tan, KS, Natl Univ Singapore, Trop Marine Sci Inst, 10 Kent Ridge; Crescent, Singapore 119260, Singapore.;Natl Univ Singapore, Trop Marine Sci Inst, Singapore 119260, Singapore.; Indonesian Inst Sci, Res Ctr Oceanol, Jakarta, Utara, Indonesia.",,0,gastropod; bivalve; Anambas; Natuna; South China Sea,10046,Raffles Bull. Zool.,REVISION; OCEAN,61,2004,"Ninety-one species of gastropods and 43 species of bivalves were collected during a week-long expedition to the Anambas and Natuna Islands in the South China Sea. The majority of specimens were from sheltered intertidal habitats including coral reefs, roc",0,"A small collection of gastropods and bivalves from the Anambas and Natuna Islands, South China Sea"
"Tran, AD; Yang, CM","Tran, AD, Natl Univ Singapore, Dept Biol Sci, Raffles Mus Biodivers; Res, Kent Ridge, Singapore 119260, Singapore.;Natl Univ Singapore, Dept Biol Sci, Raffles Mus Biodivers Res, Singapore 119260, Singapore.; Vietnam Natl Univ, Hanoi Univ Sci, Fac Biol, De",,0,Anambas; Natuna; Indonesia; Heteroptera; aquatic bugs; taxonomy,10047,Raffles Bull. Zool.,HEMIPTERA,15,2004,"A total of 22 species (16 identified) of 14 genera in 6 families of aquatic Heteroptera were recorded from the Anambas and Natuna islands. All species are first records from the studied islands, except Ranatra cf. natunaensis which can not be confirmed.",0,"The aquatic bugs (Heteroptera) of the Anambas and Natuna Islands, Indonesia"
"Yeo, DCJ; Rahayu, DL","Yeo, DCJ, Natl Univ Singapore, Dept Biol Sci, Raffles Museum Biodivers; Res, 10 Kent Ridge Crescent, Singapore 119260, Singapore.;Natl Univ Singapore, Dept Biol Sci, Raffles Museum Biodivers Res, Singapore 119260, Singapore.; Indonesian Inst Sci, Res Ctr",,0,taxonomy; Anambas; South China Sea; heteropilumnus; parasesarma; new; species; records,10048,Raffles Bull. Zool.,DECAPODA; IDENTITIES,21,2004,"The brachyuran crabs collected by the 2002 scientific expedition to the Anambas and Natuna islands in the South China Sea are reported upon. A total of 87 species from 15 families are recorded. Noteworthy are the discovery of two new species, one pilumnid",0,Brachyura (Crustacea) of the Anambas Expedition 2002
"Tan, HH; Lim, KKP","Tan, HH, Natl Univ Singapore, Dept Biol Sci, Kent Ridge, Singapore; 119260, Singapore.;Natl Univ Singapore, Dept Biol Sci, Singapore 119260, Singapore.",,0,biodiversity; inland; new species; Betta; Anambas; Natuna; islands,10049,Raffles Bull. Zool.,,13,2004,Eighty-two species of fish are recorded from inland localities on the Anambas and Natuna Islands. Among these are two species from earlier museum records not obtained on the recent two surveys in 2002. Forty-seven species (10 restricted to freshwater) are,0,"Inland fishes from the Anambas and Natuna Islands, South China Sea, with description of a new species of Betta (Teleostei : Osphronemidae)"
"Fang, FZ; Wu, H; Liu, YC","Fang, FZ, Singapore Inst Mfg Technol, 71 Nanyang Dr, Singapore 638075,; Singapore.;Singapore Inst Mfg Technol, Singapore 638075, Singapore.","BHUSHAN B, 1997, J MATER RES, V12, P54; BLACKLEY WS, 1991, PRECIS ENG, V13, P95; BYRNE G, 2003, CIRP ANN-MANUF TECHN, V52, P483; CHEONG WCD, 2000, NANOTECHNOLOGY, V11, P173; ERNST H, 1941, SURFACE TREATMENT ME, V29, P299; FANG FZ, 1998, ANN CIRP, V47, P45",0,modelling; brittle material; micro machining; nano cutting,1005,Int. J. Mach. Tools Manuf.,SINGLE-CRYSTAL SILICON; MOLECULAR-DYNAMICS SIMULATION,34,2005,"A new model to understand the behaviour of how materials are removed from workpiece in nano cutting is proposed. This model postulates that the mechanism of nanometric scale material removal is based on extrusion, which is different from the shearing mech",0,Modelling and experimental investigation on nanometric cutting of monocrystalline silicon
"Adrim, M; Chen, IS; Chen, ZP; Lim, KKP; Tan, HH; Yusof, Y","Adrim, M, Lembaga Ilmu Pengatahuan Indonesia, Pusat Penelit; Pengembangan Oseanol, Box 580 DAK, Jakarta, Indonesia.;Lembaga Ilmu Pengatahuan Indonesia, Pusat Penelit Pengembangan Oseanol, Jakarta, Indonesia.; Natl Museum Marine Biol & Aquarium, Pingtung 9",,0,biodiversity; marine fishes; Anambas; Natuna; islands; South China Sea;; new records,10050,Raffles Bull. Zool.,,15,2004,"Four hundred and thirty species of fish from marine localities in the Anambas and Natuna groups of islands in the South China Sea were recorded between 11(th) and 22(nd) Mar 2002. Two hundred and seventy three species are represented by collections, while",0,"Marine fishes recorded from the Anambas and Natuna islands, South China Sea"
"Lu, J; Chow, PS; Carpenter, K","Lu, J, Inst Chem & Engn Sci, Ayer Rajah Crescent,Block 28,Unit 02-08,; Singapore 139959, Singapore.;Inst Chem & Engn Sci, Singapore 139959, Singapore.",,0,biocrystallization; lysozyme; microcalorimetry; aggregation network;; liquid-liquid phase separation,10051,Prog. Cryst. Growth Charact. Mater.,DYNAMIC LIGHT-SCATTERING; ANGLE NEUTRON-SCATTERING; PROTEIN; CRYSTALLIZATION; CRYSTAL NUCLEATION; BEHAVIOR; GLYCEROL; DENSITY;; GROWTH; TEMPERATURES; ELECTROLYTE,47,2003,"The detailed understanding of the structure of biological macromolecules reveals their functions and is thus important in the design of new medicines and for engineering molecules with improved properties for industrial applications. However, obtaining hi",0,Phase transitions in lysozyme solutions characterized by differential scanning calorimetry
"Brinkmann, H; Venkatesh, B; Brenner, S; Meyer, A","Meyer, A, Univ Konstanz, Dept Biol, D-78457 Constance, Germany.;Univ Konstanz, Dept Biol, D-78457 Constance, Germany.; Inst Mol & Cell Biol, Singapore 117609, Singapore.; Salk Inst Biol Studies, La Jolla, CA USA.",,4.546680498,,10052,Proc. Natl. Acad. Sci. U. S. A.,PHYLOGENETIC TREE SELECTION; MAXIMUM-LIKELIHOOD; EVOLUTIONARY; RELATIONSHIPS; PLACENTAL MAMMALS; DNA-SEQUENCE; TETRAPODS;; MITOCHONDRIAL; ORIGIN; FISH; TOPOLOGIES,42,2004,"The colonization of land by tetrapod ancestors is one of the major questions in the evolution of vertebrates. Despite intense molecular phylogenetic research on this problem during the last 15 years, there is, until now, no statistically supported answer",9,Nuclear protein-coding genes support lungfish and not the coelacanth as the closest living relatives of land vertebrates
"Ni, WM; Xie, DX; Hobbie, L; Feng, BM; Zhao, DZ; Akkara, J; Ma, H","Ma, H, Penn State Univ, Dept Biol, University Pk, PA 16802 USA.;Penn State Univ, Dept Biol, University Pk, PA 16802 USA.; Penn State Univ, Huck Inst Life Sci, University Pk, PA 16802 USA.; Inst Mol & Cell Biol, Singapore 11609, Singapore.; Adelphi Univ, D",,4.603991597,,10053,Plant Physiol.,FLORAL HOMEOTIC GENES; UBIQUITIN-LIGASE COMPLEX; F-BOX; AUXIN RESPONSE;; COP9 SIGNALOSOME; CELL-DIVISION; MALE MEIOSIS; MADS-BOX; EXPRESSION;; PROTEIN,59,2004,"SCF complexes are the largest and best studied family of E3 ubiquitin protein ligases that facilitate the ubiquitylation of proteins targeted for degradation. The SCF core components Skp1, Cul1, and Rbx1 serve in multiple SCF complexes involving different",9,Regulation of flower development in Arabidopsis by SCF complexes
"Wang, QX","Wang, QX, Nanyang Technol Univ, Maritime Res Ctr, 50 Nanyang Ave,; Singapore 630798, Singapore.;DSO Natl Labs, Singapore 118230, Singapore.",,1.601973684,,10054,Phys. Fluids,FREE-SURFACE; CAVITATION BUBBLES; TRANSIENT CAVITIES; TOROIDAL BUBBLES;; RIGID STRUCTURE; JET IMPACT; GAS BUBBLE; BOUNDARIES; COLLAPSE; LIQUID,28,2004,"A robust mixed-Eulerian-Lagrangian modeling is presented for the simulation of violent bubble motion, which is characterized by implementing a hybrid surface interpolation for calculating the material velocity. A linear averaging approximation is deployed",3,Numerical simulation of violent bubble motion
"Wang, XG; Zhan, M; Lai, CH; Lai, YC","Wang, XG, Natl Univ Singapore, Temasek Labs, 10 Kent Ridge Crescent,; Singapore 119260, Singapore.;Natl Univ Singapore, Temasek Labs, Singapore 119260, Singapore.; Natl Univ Singapore, Dept Phys, Singapore 117542, Singapore.; Arizona State Univ, Dept Math",,0.47496749,,10055,Phys. Rev. Lett.,PERIODICALLY DRIVEN SYSTEMS; FORCED SYSTEMS; TRANSITION; CHAOS; BIRTH;; ROUTE,25,2004,"Whether strange nonchaotic attractors (SNAs) can occur typically in dynamical systems other than quasiperiodically driven systems has long been an open question. Here we show, based on a physical analysis and numerical evidence, that robust SNAs can be in",1,Strange nonchaotic attractors in random dynamical systems
"Wang, JS; Li, BW","Wang, JS, Natl Univ Singapore, Singapore MIT Alliance, Singapore; 117543, Singapore.;Natl Univ Singapore, Singapore MIT Alliance, Singapore 117543, Singapore.; Natl Univ Singapore, Dept Computat Sci, Singapore 117543, Singapore.; Natl Univ Singapore, Dept",,6.174577373,,10056,Phys. Rev. Lett.,ONE-DIMENSIONAL LATTICES; THERMAL-CONDUCTIVITY; SOLITONS,25,2004,We study heat conduction in a one-dimensional chain of particles with longitudinal as well as transverse motions. The particles are connected by two-dimensional harmonic springs together with bending angle interactions. Using equilibrium and nonequilibriu,13,Intriguing heat conduction of a chain with transverse motions
"Leon-Quinto, T; Jones, J; Skoudy, A; Burcin, M; Soria, B","Soria, B, Miguel Hernandez Univ, Sch Med, Inst Bioengn, San Juan; Campus,Carretera Alicante Valencia Km 87, Alicante 03550, Spain.;Miguel Hernandez Univ, Sch Med, Inst Bioengn, Alicante 03550, Spain.; Pompeu Fabra Univ, Municipal Inst Med Res IMIM, Cellul",,14.80743243,diabetes; differentiation; embryonic stem cells; exogenous agents;; insulin-producing cells; islet progenitors,10057,Diabetologia,DIABETES-MELLITUS; SECRETING CELLS; BETA-CELLS; NKX 6.1; EXPRESSION;; PANCREAS; EXOCRINE; STOMACH; RAT,21,2004,"Aims/hypothesis. We recently demonstrated that insulin-producing cells derived from embryonic stem cells normalise hyperglycaemia in transplanted diabetic mice. The differentiation and selection procedure, however, was successful in less than 5% of the as",24,In vitro directed differentiation of mouse embryonic stem cells into insulin-producing cells
"Lee, CLK; Lee, CHA; Tan, KT; Loh, TP","Loh, TP, Natl Univ Singapore, Dept Chem, 3 Sci Dr 3, Singapore 117543,; Singapore.;Natl Univ Singapore, Dept Chem, Singapore 117543, Singapore.",,5.62710084,,10058,Org. Lett.,ALLYL-TRANSFER REACTION; ASYMMETRIC-SYNTHESIS; ALDEHYDES; IN(OTF)(3),22,2004,"Camphor is used as the chiral auxiliary for the enantioselective synthesis of cis linear homoallylic alcohols. A range of catalysts, aldehydes, and solvents were investigated to obtain the optimum yield, enantioselectivity, and cis olefinic geometry.",11,An unusual approach to the synthesis of enantiomerically cis linear homoallylic alcohols based on the steric interaction mechanism of camphor scaffold
"Zhou, X; Shalaby, HHM; Chao, L; Cheng, TH; Ye, P","Zhou, X, Nanyang Technol Univ, Sch Elect & Elect Engn, Singapore; 639798, Singapore.;Nanyang Technol Univ, Sch Elect & Elect Engn, Singapore 639798, Singapore.; Beijing Univ Posts & Telecommun, Off President, Beijing 100876, Peoples R China.",,0.733433735,all-optical signal processing; optical active filter; optical clock; extraction; optical tank circuit; rms amplitude; jitter;; root-mean-square (rms) phase jitter; stimulated Brillouin scattering; (SBS),10059,J. Lightwave Technol.,RECOVERY; LASER,18,2000,"In this paper, we develop an analytical method to deal with the timing performance in an optical clock extraction circuit based on stimulated Brillouin scattering (SBS), Three kinds of SBS active filters are considered and their frequency-transfer functio",4,A performance analysis of all-optical clock extraction circuit based on stimulated brillouin scattering
"Wang, ZG; Rahman, M; Wong, YS; Sun, J","Rahman, M, Natl Univ Singapore, Dept Mech Engn, 10 Kent Ridge Crescent,; Singapore 119260, Singapore.;Natl Univ Singapore, Dept Mech Engn, Singapore 119260, Singapore.","AGAPIOU JS, 1992, J ENG IND-T ASME, V114, P508; ALBA E, 1999, COMPLEXITY, V4, P31; ARMAREGO EJA, 1993, INT J PROD RES, V31, P2139; BACK T, 1991, P 4 INT C GEN ALG, P2; BLICKLE T, 1996, EVOLUTIONARY COMPUT, V4, P361; CANTUPAZ E, 2000, EFFICIENT ACCURATE P;",0,milling; genetic algorithm; simulated annealing; parallel genetic; algorithm,1006,Int. J. Mach. Tools Manuf.,MACHINING CONDITIONS; TURNING OPERATIONS; PARAMETERS; STRATEGIES; PARTS,30,2005,"This paper presents an approach to select the optimal machining parameters for multi-pass milling. It is based on two recent approaches, genetic algorithm (GA) and simulated annealing (SA), which have been applied to many difficult combinatorial optimizat",0,Optimization of multi-pass milling using parallel genetic algorithm and parallel genetic simulated annealing
"Teng, JH; Chua, SJ; Zhang, ZH; Huang, YH; Huang, YH; Li, G; Wang, ZJ","Teng, JH, Natl Univ Singapore, Dept Elect Engn, Ctr Optoelect,; Singapore 119260, Singapore.;Natl Univ Singapore, Dept Elect Engn, Ctr Optoelect, Singapore 119260, Singapore.; Inst Mat Res & Engn, Singapore 117602, Singapore.",,0.733433735,impurity-free vacancy disordering; quantum-well intermixing;; quantum-well lasers; ridge waveguide; semicondoctor lasers; Y-junction; coupler,10060,IEEE Photonics Technol. Lett.,FABRICATION; MOCVD,9,2000,A dual-wavelength laser source monolithically integrated with an isolator and a Y-junction coupler is fabricated by using a new quantum-well intermixing technique. The technique employs a buried Ge layer between the sample surface and the spin-on silica f,4,Dual-wavelength laser source monolithically integrated with Y-junction coupler and isolator using quantum-well intermixing
"Chen, SX","Chen, SX, Nanyang Technol Univ, Nanyang Business Sch, Singapore 639797,; Singapore.;Nanyang Technol Univ, Nanyang Business Sch, Singapore 639797, Singapore.",,0,,10061,Oper. Res.,TO-STOCK QUEUE; SINGLE FACILITY; S POLICIES; RESOURCE; DEMANDS; MODEL,22,2004,"This paper studies the stochastic two-item, periodic review, single facility, flexible manufacturing systems, where stochasticity comes from random demands or/and unreliable production process. Based on a notion called mu-difference monotone introduced in",0,The optimality of hedging point policies for stochastic two-product flexible manufacturing systems
"Li, L; Wang, QQ; Xu, YR","Li, L, Nanyang Technol Univ, Sch Mech & Prod Engn, 50 Nanyang Ave,; Singapore 639798, Singapore.;Nanyang Technol Univ, Sch Mech & Prod Engn, Singapore 639798, Singapore.",,0.364157527,methylcellulose; sol-gel transiton; thermoreversibility; association;; salt effects,10062,Nihon Reoroji Gakkaishi,SOL-GEL TRANSITION; PHASE-SEPARATION; METHYL CELLULOSE; THERMAL; GELATION; THERMOGELATION; WATER; HYDROXYPROPYLMETHYLCELLULOSE;; VISCOELASTICITY,31,2003,"Methylcellulose is,in associative polymer. Aqueous Solutions of methylcellulose show the interesting thermoreversible gelation behavior that they gel upon heating and return to a liquid upon cooling. Thermally induced hydrophobic association and dissociat",1,Thermoreversible association and gelation of methylcellulose in aqueous solutions
"Yu, LM; Tay, FEH; Xu, GL; Iliescu, C; Avram, M","Yu, LM, Natl Univ Singapore, Dept Engn Mech, Singapore 0511, Singapore.;Natl Univ Singapore, Dept Engn Mech, Singapore 0511, Singapore.; Inst Bioengn & Nanotechnol, Singapore, Singapore.; Natl Inst Res & Dev Micotechnol, Bucharest, Romania.",,0,biochip; dielectrophoresis; cell manipulation,10063,Int. J. Softw. Eng. Knowl. Eng.,SEPARATION,5,2005,This paper presents a novel dielectrophoresis (DEP) device where the DEP electrodes define the channel walls. This is achieved by fabricating microfluidic channel walls from highly doped silicon so that they can also function as DEP electrodes. Compared w,0,Theoretical analysis and experiment of a novel DEP chip with 3-D silicon electrodes
"Yang, SW; Gan, YB; Qing, AY","Yang, SW, Natl Univ Singapore, Temasek Labs, EW2 03-01,Engn Dr 3,10; Keng Ridge Crescent, Singapore 119260, Singapore.;Natl Univ Singapore, Temasek Labs, Singapore 119260, Singapore.",,0.731231231,antenna arrays; moving phase center; differential evolution,10064,Microw. Opt. Technol. Lett.,,5,2003,"The in-band sidelobe levels of a moving phase center antenna array can be significantly lowered by applying a static excitation amplitude distribution, which is more economical and convenient to implement than those employing dynamic excitation distributi",2,Moving phase center antenna arrays with optimized static excitations
"Zhou, G; Logeeswaran, VJ; Chau, FS; Tay, FEH","Zhou, G, Natl Univ Singapore, Dept Engn Mech, 10 Kent Ridge Crescent,; Singapore 119260, Singapore.;Natl Univ Singapore, Dept Engn Mech, Singapore 119260, Singapore.",,0.7305,,10065,Opt. Lett.,,4,2004,"We report a novel digital-deflection programmable micromirror array driven by micromechanical digital-to-analog converters that eliminates the need for electrical digital-to- analog converters for analog displacement control, thus simplifying the driving",1,Line-addressable digital-deflection programmable micromirror array
"Que, WX; Hu, X","Que, WX, Nanyang Technol Univ, Sch Mat Engn, BLK N44-1,01-30 Nanyang; Ave, Singapore 639798, Singapore.;Nanyang Technol Univ, Sch Mat Engn, Singapore 639798, Singapore.",,0.7305,sol-gel technique; hybrid; thin film; optical properties,10066,Opt. Mater.,PLANAR WAVE-GUIDES; OPTICAL-PROPERTIES; SILICA; GLASS; LASER;; ABSORPTION; SPECTRA; BAND,29,2004,We report on preparation and characterization of GeO2/methyltrimethoxysilane hybrid thin films processed by the sol-gel spin coating technique. Acid catalyzed solutions of methyltrimethoxysilane mixed with germanium isopropoxide have been used as precurso,1,Preparation and characterization of sol-gel processed GeO2/methyltrimethoxysilane hybrid thin films
"Guo, JX; Sun, XW","Guo, JX, Nanyang Technol Univ, Sch Elect & Elect Engn, Nanyang Ave,; Singapore 639798, Singapore.;Nanyang Technol Univ, Sch Elect & Elect Engn, Singapore 639798, Singapore.",,0.728315055,,10067,Appl. Optics,CELLS,12,2003,The reflective bistable twisted nematic liquid-crystal displays (RBTN-LCDs) with a single front polarizer have been compensated by front half-wave or integer-wave plates or both. The compensation has been optimized through maximizing the contrast ratio. T,2,Retardation-film-compensated reflective bistable twisted nematic liquid-crystal displays
"Ong, PT; Gordon, JM; Rabl, A","Ong, PT, NATL UNIV SINGAPORE,DEPT MECH & PROD ENGN,10 KENT RIDGE; CRESCENT,SINGAPORE 0511,SINGAPORE.;BEN GURION UNIV NEGEV,JACOB BLAUSTEIN INST DESERT RES,CTR ENERGY & ENVIRONM PHYS,IL-84990 SEDE BOQER,ISRAEL.; BEN GURION UNIV NEGEV,PEARLSTONE CTR AERONAU",,0.724702381,,10068,Appl. Optics,REFLECTORS,14,1996,The rubric tailored edge-ray designs (TED's) refers to the procedure for tailoring lighting reflectors to produce a prescribed flux distribution for an extended Lambertian source while ensuring maximum radiative efficiency (no radiation being returned to,7,Tailored edge-ray designs for illumination with tubular sources
"Shalaby, HMH","Shalaby, HMH, Nanyang Technol Univ, Sch Elect & Elect Engn, Singapore; 639798, Singapore.;Nanyang Technol Univ, Sch Elect & Elect Engn, Singapore 639798, Singapore.",,0.722551929,code division multiple access (CDMA); direct detection optical channel;; optical CDMA; pulse-position modulation (PPM); spread spectrum,10069,J. Lightwave Technol.,MULTIPLE-ACCESS TECHNIQUES; PERFORMANCE ANALYSIS;; COMMUNICATION-SYSTEMS; ORTHOGONAL CODES; FIBER NETWORKS; HARD-LIMITERS;; CHANNELS,16,2000,"An optical code-division multiple-access (CDMA) communication network employing optical orthogonal codes is considered. The data symbols of each multiple-access user is encoded, before multiplexing, using pulse-position modulation (PPM) technique with suf",4,Maximum achievable number of users in optical PPM-CDMA local area networks
"Chen, BJ; Liew, KM; Xiao, ZM","Chen, BJ, Nanyang Technol Univ, Nanyang Ctr Supercomp & Visualisat,; Nanyang Ave, Singapore 639798, Singapore.;Nanyang Technol Univ, Nanyang Ctr Supercomp & Visualisat, Singapore 639798, Singapore.; Nanyang Technol Univ, Sch Mech & Prod Engn, Singapore 63","CHEN BJ, 2004, INT J SOLIDS STRUCT, V41, P5285; DEEG WF, 1980, THESIS STANFORD U; DUNN ML, 1994, ENG FRACT MECH, V48, P25; KWON JH, 2002, T ASME, V69, P55; MCMEEKING RM, 1989, J APPL MATH PHYS, V640, P615; MUSKHELISHVILI NI, 1975, SOME BASIC PROBLEMS; PAK",0,two-dimensional; dislocation; crack; piezoelectric; force on dislocation,1007,Int. J. Eng. Sci.,FRACTURE-MECHANICS; SCREW DISLOCATION; DEFECTS,21,2005,"Analytical solutions for the generalized two-dimensional problem of a dislocation interacting with a finite crack in piezoelectric media are formulated via Stroh formalism. Two kinds of electrically boundary conditions along the crack surface, namely, ele",0,A dislocation interacts with a finite crack in piezoelectric media
"Xue, Z; Li, SZ; Teoh, EK","Teoh, EK, Nanyang Technol Univ, Sch Elect & Elect Engn, Vice Deans; Off,Block S2, Singapore 639798, Singapore.;Nanyang Technol Univ, Sch Elect & Elect Engn, Singapore 639798, Singapore.; Microsoft Res China, Beijing 100080, Peoples R China.",,0.721837945,active shape model; affine invariant; deformable model; EigenSnake;; object matching,10070,Image Vis. Comput.,TEMPLATES; EXTRACTION; REPRESENTATION; RECOGNITION; IMAGES,27,2002,"An affine-invariant (AI) deformable contour model for object matching, called AI-EigenSnake (AI-ES), is proposed in the Bayesian framework. In AI-ES, the prior distribution of object shapes is estimated from the sample data. This distribution is then used",3,Al-EigenSnake: an affine-invariant deformable contour model for object matching
"Lee, KO; Liao, L; Mukherjee, JJ","Lee, KO, Natl Univ Singapore, Dept Med, Singapore 119074, Singapore.;Natl Univ Singapore, Dept Med, Singapore 119074, Singapore.",,0,growth hormone; insulin-like growth factor-I; longevity; aging,10071,Mech. Ageing Dev.,RANDOMIZED CONTROLLED TRIAL; IMPROVES BODY-COMPOSITION; ESTROGEN PLUS; PROGESTIN; POSTMENOPAUSAL WOMEN; REPLACEMENT THERAPY; BONE METABOLISM;; MUSCLE STRENGTH; BREAST-CANCER; AGED WOMEN; IGF-I,38,2004,"Aging is associated with a gradual decline in the function of a number of endocrine glands. While there are phenotypic similarities seen in the changes of aging with some endocrine hormone deficiency states, the relationship between the decline in growth",0,Does growth hormone prevent aging in the healthy elderly with low serum insulin-like growth factor-I ?
"Ong, WY; Tan, B; Pan, N; Jenner, A; Whiteman, M; Ong, CN; Watt, F; Halliwell, B","Halliwell, B, Natl Univ Singapore, Dept Biochem, 10 Kent Ridge; Crescent, Singapore 119260, Singapore.;Natl Univ Singapore, Dept Biochem, Singapore 119260, Singapore.; Natl Univ Singapore, Dept Anat, Singapore 119260, Singapore.; Natl Univ Singapore, Dept",,1.534663866,cholesterol; iron; brain; oligodendrocytes; hypercholesterolemia;; atherosclerosis,10072,Mech. Ageing Dev.,AMYLOID PRECURSOR PROTEIN; INDUCED NEURONAL INJURY; ALZHEIMER-DISEASE;; HYPERLIPEMIC RABBITS; LIPID-PEROXIDATION; RAT HIPPOCAMPUS; BRAIN;; LOCALIZATION; MODULATION; EXPRESSION,43,2004,"The link between hypercholesterolemia and neuronal damage is not clear. In the present study, we studied some of the possible effects of hypercholesterolemia on the brain, using the cholesterol fed New Zealand White rabbit as a model. An increase in the n",3,Increased iron staining in the cerebral cortex of cholesterol fed rabbits
"Siow, KS; Tay, AAO; Oruganti, P","Siow, KS, Natl Univ Singapore, Dept Mech Engn, Nano Microsyst Integrat; Lab, Singapore 117576, Singapore.;Natl Univ Singapore, Dept Mech Engn, Nano Microsyst Integrat Lab, Singapore 117576, Singapore.; Nanyang Technol Univ, Sch Mat Engn, Singapore 639798,",,2.451342282,mechanical properties; nanocrystalline materials; Nc-copper; Nc-nickel,10073,Mater. Sci. Technol.,ULTRAFINE-GRAINED COPPER; SEVERE PLASTIC-DEFORMATION; ANGLE; NEUTRON-SCATTERING; NANOSTRUCTURED MATERIALS; ROOM-TEMPERATURE; TENSILE; BEHAVIOR; ELASTIC-MODULUS; SIZE DEPENDENCE; CYCLIC RESPONSE;; CREEP-BEHAVIOR,97,2004,The present review paper traces the development of nanocrystalline copper (Nc-Cu) and nanocrystalline nickel (Nc-Ni) and their mechanical properties. The objective is to summarise the various results available in the literature. The mechanical properties,5,Mechanical properties of nanocrystalline copper and nickel
"Xu, D; Kang, ET; Neoh, KG; Tay, AAO","Kang, ET, Natl Univ Singapore, Dept Chem Engn, Singapore 119260,; Singapore.;Natl Univ Singapore, Dept Chem Engn, Singapore 119260, Singapore.; Natl Univ Singapore, Dept Mech Engn, Singapore 119260, Singapore.",,2.040502793,,10074,Langmuir,ULTRALARGE-SCALE INTEGRATION; SELF-ASSEMBLED MONOLAYER; SILICON; SURFACES; GRAFT-COPOLYMERIZATION; CONDUCTING POLYMERS; ORGANIC; MONOLAYERS; ALKYL MONOLAYERS; COPPER DEPOSITION; SI(111) SURFACES;; POROUS SILICON,60,2004,Pristine and resist-patterned Si(100) substrates were etched by aqueous HF to produce hydrogen-terminated silicon (H-Si(100)) surfaces. The H-Si(100) surface was then subjected to UV-induced reactive coupling of 4-vinylaniline VAn to produce the VAn monol,4,"Reactive coupling of 4-vinylaniline with hydrogen-terminated Si(100) surfaces for electroless metal and syntheticmetal""deposition"""
"Huang, CH; Zhang, XB; Gin, KYH; Qin, QW","Qin, QW, Zhongshan Univ, Sch Life Sci, State Key Lab Biocontrol,; Guangzhou 510275, Peoples R China.;Zhongshan Univ, Sch Life Sci, State Key Lab Biocontrol, Guangzhou 510275, Peoples R China.; Natl Univ Singapore, Dept Biol Sci, Singapore 119260, Singapor",,1.601973684,DNA probe; in situ hybridization; iridovirus; grouper,10075,J. Virol. Methods,BROWN-SPOTTED GROUPER; MOLECULAR CHARACTERIZATION; EPINEPHELUS-TAUVINA;; PARTIAL CLONING; GENE PROBES; DISEASE; DEOXYRIBOVIRUS; OUTBREAKS;; DIAGNOSIS; INFECTION,38,2004,A DNA probe of 531 base pairs for Singapore grouper iridovirus (SGIV) was generated by polymerase chain reaction and labeled with nonradioactive digoxigenin. An in situ hybridization based method was developed to detect SGIV in formalin-fixed tissues from,3,"In situ hybridization of a marine fish virus, Singapore grouper iridovirus with a nucleic acid probe of major capsid protein"
"Zhuang, HL; Cheng, C; Chiu, MS","Chiu, MS, Natl Univ Singapore, Dept Chem & Environm Engn, 10 Kent Ridge; Crescent, Singapore 119260, Singapore.;Natl Univ Singapore, Dept Chem & Environm Engn, Singapore 119260, Singapore.",,0,pulse-jet fabric filter; just-in-time learning; multiple-models,10076,J. Chin. Inst. Chem. Eng.,NEURO-FUZZY,13,2004,"In this paper, a comparative study of the two methods, the multiple-models and just-in-time learning (JITL) method, for empirical modeling of a pilot pule-jet fabric filter is presented. A salient feature of this filtration process is that its dynamics fr",0,Empirical modeling of a pulse-jet fabric filter: An experimental study
"Rajagopalan, R","Rajagopalan, R, Univ Florida, Dept Chem Engn, Gainesville, FL 32611 USA.;Univ Florida, Dept Chem Engn, Gainesville, FL 32611 USA.; Natl Univ Singapore, Dept Chem & Biomol Engn, Singapore 117576, Singapore.",,0,dynamic light scattering; rheometry; microrheology; complex fluids,10077,J. Chin. Inst. Chem. Eng.,HARD-SPHERE DISPERSIONS; COMPLEX FLUIDS; VISCOELASTIC BEHAVIOR;; MICRORHEOLOGY; SUSPENSIONS; PARTICLES; COLLOIDS; RHEOLOGY,28,2004,"Dynamic light scattering has been used traditionally for particle sizing from dilute dispersions. However, the information contained in the measurements can also be used to measure linear viscoelastic properties of complex fluids such as dispersions, mice",0,Optical rheometry using dynamic light scattering
"Neoh, KG; Kang, ET","Neoh, KG, Natl Univ Singapore, Dept Chem & Environm Engn, Kent Ridge,; Singapore 119260, Singapore.;Natl Univ Singapore, Dept Chem & Environm Engn, Singapore 119260, Singapore.",,0,polypyrrole; glucose oxidase; heparin; biocompatibility; biosensor,10078,J. Chin. Inst. Chem. Eng.,PLASMA GLOW-DISCHARGE; GRAFT-COPOLYMERIZATION; GLUCOSE-OXIDASE; SURFACE; CHARACTERIZATION; COVALENT IMMOBILIZATION; POLY(ETHYLENE GLYCOL);; PROTEIN ADSORPTION; HEPARIN; FILMS; POLYANILINE,38,2004,"The feasibility of functionalizing the surfaces of the electrically conducting polypyrrole (PPY) film with biomolecules was demonstrated with an enzyme, glucose oxidase, and an anticoagulant, heparin. The biomolecules remained active after immobilization",0,Polypyrrole - A conducting polymer for biomedical applications
"Yu, WF; Hariprasad, JS; Zhang, ZY; Hidajat, K; Ray, AK","Ray, AK, Natl Univ Singapore, Dept Chem & Environm Engn, 10 Kent Ridge; Crescent, Singapore 119260, Singapore.;Natl Univ Singapore, Dept Chem & Environm Engn, Singapore 119260, Singapore.",,0,multi-objective optimization; simulated moving bed; Varicol; genetic; algorithm; Pareto set,10079,J. Chin. Inst. Chem. Eng.,BED CHROMATOGRAPHIC REACTOR; SIMULATED MOVING-BED; GENETIC ALGORITHM;; OPERATION; PERFORMANCE; SEPARATION; UNIT,32,2004,"A new optimization and design strategy, multi-objective optimization, is applied to improve the performance of Simulated Moving Bed (SMB) and its modification, the Varicol systems with or without reactions. The capabilities of the new approach are illustr",0,Application of multi-objective optimization in the design of SMB in chemical process industry
"Xiao, ZM; Zhang, HX; Chen, BJ","Chen, BJ, Nanyang Technol Univ, Sch Mech & Prod Engn, Nanyang Ave,; Singapore 639798, Singapore.;Nanyang Technol Univ, Sch Mech & Prod Engn, Singapore 639798, Singapore.","BARNETT DM, 1975, PHYS STATUS SOLIDI B, V67, P105; CHEN BJ, 2004, INT J ENG SCI, V42, P1; CHUNG MY, 1996, INT J SOLIDS STRUCT, V33, P3343; COMNINOU M, 1977, J APPL MECH, V44, P631; DEEG WF, 1980, THESIS STANFORD U ST; DUNN ML, 1993, INT J SOLIDS STRUCT, V",0,anticrack; Zener-Stroh crack; piezoelectric material; field intensity; factors,1008,Int. J. Eng. Sci.,INCLUSION; FIELD,21,2005,"A dislocation emission mechanism for micro-crack initiation at the tip of a semi-infinite rigid line inhomogeneity in a piezoelectric solid is proposed in the present paper. For a rigid line inhomogeneity embedded in a piezoelectric matrix, dislocations o",0,Micro-crack initiation at the tip of a semi-infinite rigid line inhomogeneity in piezoelectric solids
"Tse, YK; Zhang, XB","Tse, YK, Singapore Management Univ, Sch Econ & Social Sci, 469 Bukit; Timah Rd, Singapore 259756, Singapore.;Singapore Management Univ, Sch Econ & Social Sci, Singapore 259756, Singapore.; Monash Univ, Dept Econometr & Business Stat, Clayton, Vic 3800, Au",,1.067982456,Burr distribution; income distribution; Monte Carlo method; portfolio; investment; stochastic dominance; union-intersection test,10080,J. Stat. Comput. Simul.,INEQUALITY CONSTRAINTS; STATISTICAL-INFERENCE; INCOME DISTRIBUTIONS,20,2004,"This paper compares the performance of several tests for stochastic dominance up to order three using Monte Carlo methods. The tests considered are the Davidson and Duclos (2000) test, the Anderson test (1996) and the Kaur, Rao and Singh (1994) test. Only",2,A Monte Carlo investigation of some tests for stochastic dominance
"Liu, XB; Liew, KM","Liew, KM, Nanyang Technol Univ, Ctr Adv Numer Engn Simulat, Nanyang; Ave, Singapore 639798, Singapore.;Nanyang Technol Univ, Ctr Adv Numer Engn Simulat, Singapore 639798, Singapore.; Nanyang Technol Univ, Sch Mech & Prod Engn, Singapore 639798, Singapore.",,2.066478076,,10081,J. Sound Vibr.,LINEAR STOCHASTIC-SYSTEMS; LYAPUNOV EXPONENT; NONLINEAR-SYSTEMS; SAMPLE; STABILITY; ROTATION NUMBER; DRIVEN; EQUATIONS,19,2004,"In this paper, the almost-sure stability condition for a co-dimension two-bifurcation system on a three-dimensional central manifold, which is parametrically excited by a real noise, is investigated. A model of enhanced generality is developed by assuming",4,On the almost-sure stability condition for a co-dimension two-bifurcation system under the parametric excitation of a real noise
"Koh, CG; Rong, Y","Koh, CG, Natl Univ Singapore, Dept Civil Engn, Block E1A,07-03,1 Engn; Dr 2, Singapore 117576, Singapore.;Natl Univ Singapore, Dept Civil Engn, Singapore 117576, Singapore.",,0,,10082,J. Sound Vibr.,ELASTIC CABLES,18,2004,"Cables used in engineering applications may undergo large displacement motion when subjected to dynamic loads, particularly for cables with relatively low tension. As cables are much weaker in the out-of-plane motion than the in-plane motion, three-dimens",0,Dynamic analysis of large displacement cable motion with experimental verification
"Zhu, T; Goh, ELK; Graichen, R; Ling, L; Lobie, PE","Lobie, PE, Inst Mol & Cell Biol, 30 Med Dr, Singapore 117609, Singapore.;Inst Mol & Cell Biol, Singapore 117609, Singapore.",,14.76870851,growth hormone; receptor; cytokine; signal transduction,10083,Cell. Signal.,ACTIVATED PROTEIN-KINASE; FOCAL ADHESION KINASE; PROMOTED TYROSYL; PHOSPHORYLATION; DISTINCT CYTOPLASMIC REGIONS; CYP2C12 GENE-EXPRESSION;; C-JUN TRANSCRIPTION; GH-BINDING-PROTEIN; INSULIN-LIKE;; PHOSPHATIDYLINOSITOL 3-KINASE; 3T3-F442A PREADIPOCYTES,262,2001,"Rapid progress has been made recently in the definition of growth hormone (GH) receptor signal transduction pathways. It is now apparent that many cytokines, including GH, share identical or similar signalling components to exert their cellular effects. T",67,Signal transduction via the growth hormone receptor
"Yao, K; Shannigrahi, S; Tay, FEH","Yao, K, IMRE, IMRE Bldg,3 Res Link, Singapore 117602, Singapore.;IMRE, Singapore 117602, Singapore.",,0.511554622,piezoelectric; thin films; laser scanning vibrometer; dilatation;; piezoelectric coefficient; lead zirconate titanate,10084,Sens. Actuator A-Phys.,ELECTROSTRICTIVE STRAINS; COEFFICIENTS; INTERFEROMETER,13,2004,Piezoelectric thin films have great potential as transducer materials for many micro electromechanical systems (MEMS). An efficient characterisation technology for the piezoelectric properties of the thin films is becoming particularly essential for both,1,Characterisation of piezoelectric thin films by areal laser scanning
"Zhang, BL; Tang, XH; Huang, GS; Mei, T; Zhu, JY; Li, H","Zhang, BL, Nanyang Technol Univ, Sch Elect & Elect Engn, Photon Res; Grp, Nanyang Ave, Singapore 639798, Singapore.;Nanyang Technol Univ, Sch Elect & Elect Engn, Photon Res Grp, Singapore 639798, Singapore.",,0,,10085,J. Mater. Sci.-Mater. Electron.,QUANTUM-WELL STRUCTURES; PHASE EPITAXY; GAAS/ALGAAS; SURFACES; CARRIER;; MOVPE,18,2004,"Using tertiary-butyl arsine as a group V precursor, GaAs epitaxial layers have been grown on both (1 1 1)A- and (1 0 0)-oriented GaAs substrates in N-2 ambient using the atmospheric metalorganic chemical deposition technique. The surface morphology and op",0,Morphology and optical properties of GaAs layers grown on (111)A GaAs substrates in N-2 ambient by metalorganic chemical vapor deposition
